<?xml version="1.0" encoding="UTF-8" ?>
<!-- This is a WordPress eXtended RSS file generated by WordPress as an export of your site. -->
<!-- It contains information about your site's posts, pages, comments, categories, and other content. -->
<!-- You may use this file to transfer that content from one site to another. -->
<!-- This file is not intended to serve as a complete backup of your site. -->

<!-- To import this information into a WordPress site follow these steps: -->
<!-- 1. Log in to that site as an administrator. -->
<!-- 2. Go to Tools: Import in the WordPress admin panel. -->
<!-- 3. Install the "WordPress" importer from the list. -->
<!-- 4. Activate & Run Importer. -->
<!-- 5. Upload this file using the form provided on that page. -->
<!-- 6. You will first be asked to map the authors in this export file to users -->
<!--    on the site. For each author, you may choose to map to an -->
<!--    existing user on the site or to create a new user. -->
<!-- 7. WordPress will then import each of the posts, pages, comments, categories, etc. -->
<!--    contained in this file into your site. -->

	<!-- generator="WordPress/6.3" created="2023-08-25 22:50" -->
<rss version="2.0"
	xmlns:excerpt="http://wordpress.org/export/1.2/excerpt/"
	xmlns:content="http://purl.org/rss/1.0/modules/content/"
	xmlns:wfw="http://wellformedweb.org/CommentAPI/"
	xmlns:dc="http://purl.org/dc/elements/1.1/"
	xmlns:wp="http://wordpress.org/export/1.2/"
>

<channel>
	<title>Ncmaz headless blog</title>
	<link>https://ncmaz-faust.chisnghiax.com</link>
	<description>Ncmaz Nextjs headless WordPress site</description>
	<pubDate>Fri, 25 Aug 2023 22:50:56 +0000</pubDate>
	<language>en</language>
	<wp:wxr_version>1.2</wp:wxr_version>
	<wp:base_site_url>https://ncmaz-faust.chisnghiax.com</wp:base_site_url>
	<wp:base_blog_url>https://ncmaz-faust.chisnghiax.com</wp:base_blog_url>

		<wp:author><wp:author_id>1</wp:author_id><wp:author_login><![CDATA[7w9oi7]]></wp:author_login><wp:author_email><![CDATA[mwy5dos1t2l8@sg2plzcpnl476815.prod.sin2.secureserver.net]]></wp:author_email><wp:author_display_name><![CDATA[Kristin Watson]]></wp:author_display_name><wp:author_first_name><![CDATA[Kristin]]></wp:author_first_name><wp:author_last_name><![CDATA[Watson]]></wp:author_last_name></wp:author>
	<wp:author><wp:author_id>2</wp:author_id><wp:author_login><![CDATA[EdenTuan]]></wp:author_login><wp:author_email><![CDATA[atuanvptd@gmail.com]]></wp:author_email><wp:author_display_name><![CDATA[Esther Howard]]></wp:author_display_name><wp:author_first_name><![CDATA[Esther]]></wp:author_first_name><wp:author_last_name><![CDATA[Howard]]></wp:author_last_name></wp:author>
	<wp:author><wp:author_id>3</wp:author_id><wp:author_login><![CDATA[demo]]></wp:author_login><wp:author_email><![CDATA[ncfaustm@gmail.com]]></wp:author_email><wp:author_display_name><![CDATA[Jenny Wilson]]></wp:author_display_name><wp:author_first_name><![CDATA[Jenny]]></wp:author_first_name><wp:author_last_name><![CDATA[Wilson]]></wp:author_last_name></wp:author>

				
	<generator>https://wordpress.org/?v=6.3</generator>

	</channel>
</rss>
	